iteracao,score
0,-4734.566276968445
10,-4678.887653974146
20,-4548.30071504931
30,-4513.798691065632
40,-4472.455174613776
50,-4370.338274839862
60,-4361.619954590551
70,-4343.458398809965
80,-4341.466075505011
90,-4334.595120867177
100,-4334.595120867177
110,-4334.155267548364
120,-4333.3793953874
130,-4333.3793953874
140,-4332.781375373874
150,-4316.940983711089
160,-4316.940983711089
170,-4316.940983711089
180,-4316.940983711089
190,-4316.940983711089
200,-4315.927322157081
210,-4304.140626439531
220,-4304.140626439531
230,-4282.978377741093
240,-4282.028185510888
250,-4282.028185510888
260,-4282.028185510888
270,-4282.028185510888
280,-4282.028185510888
290,-4282.028185510888
300,-4282.028185510888
310,-4282.028185510888
320,-4282.028185510888
330,-4276.358585493678
340,-4268.039563006289
350,-4268.039563006289
360,-4267.327968781559
370,-4267.327968781559
380,-4262.4604210382
390,-4262.4604210382
400,-4254.133065171483
410,-4254.056712635226
420,-4253.99282519751
430,-4253.99282519751
440,-4253.99282519751
450,-4244.220590744703
460,-4244.220590744703
470,-4244.220590744703
480,-4244.220590744703
490,-4244.220590744703
500,-4244.220590744703
510,-4244.220590744703
520,-4244.220590744703
530,-4244.220590744703
540,-4244.220590744703
550,-4244.220590744703
560,-4244.220590744703
570,-4244.220590744703
580,-4244.220590744703
590,-4243.4480431504635
600,-4243.4480431504635
610,-4243.4480431504635
620,-4243.4480431504635
630,-4243.4480431504635
640,-4243.4480431504635
650,-4243.4480431504635
660,-4243.425095403848
670,-4243.425095403848
680,-4243.425095403848
690,-4243.425095403848
700,-4243.425095403848
710,-4243.425095403848
720,-4243.231275377832
730,-4239.698657933545
740,-4239.698657933545
750,-4239.698657933545
760,-4239.698657933545
770,-4239.056685979316
780,-4239.056685979316
790,-4239.056685979316
800,-4239.056685979316
810,-4239.056685979316
820,-4239.056685979316
830,-4239.056685979316
840,-4239.056685979316
850,-4239.056685979316
860,-4239.056685979316
870,-4239.056685979316
880,-4239.056685979316
890,-4233.3758888555685
900,-4233.3758888555685
910,-4233.3758888555685
920,-4233.3758888555685
930,-4233.3758888555685
940,-4233.3758888555685
950,-4233.3758888555685
960,-4233.3758888555685
970,-4233.3758888555685
980,-4232.086210946598
990,-4232.086210946598
1000,-4232.086210946598
1010,-4232.086210946598
1020,-4232.086210946598
1030,-4229.917365740237
1040,-4229.917365740237
1050,-4229.917365740237
1060,-4229.917365740237
1070,-4229.917365740237
1080,-4229.917365740237
1090,-4229.917365740237
1100,-4226.707586646195
1110,-4226.707586646195
1120,-4226.707586646195
1130,-4226.707586646195
1140,-4226.707586646195
1150,-4226.707586646195
1160,-4219.222083892941
1170,-4219.222083892941
1180,-4219.222083892941
1190,-4219.222083892941
1200,-4219.222083892941
1210,-4219.222083892941
1220,-4219.222083892941
1230,-4219.222083892941
1240,-4219.222083892941
1250,-4219.222083892941
1260,-4219.222083892941
1270,-4219.222083892941
1280,-4219.222083892941
1290,-4219.222083892941
1300,-4219.222083892941
1310,-4219.222083892941
1320,-4219.222083892941
1330,-4219.222083892941
1340,-4219.222083892941
1350,-4219.222083892941
1360,-4219.222083892941
1370,-4219.222083892941
1380,-4219.222083892941
1390,-4219.222083892941
1400,-4219.222083892941
1410,-4219.222083892941
1420,-4219.222083892941
1430,-4219.222083892941
1440,-4219.222083892941
1450,-4219.222083892941
1460,-4219.222083892941
1470,-4219.222083892941
1480,-4219.222083892941
1490,-4219.222083892941
1500,-4219.222083892941
1510,-4219.222083892941
1520,-4219.222083892941
1530,-4219.222083892941
1540,-4219.222083892941
1550,-4219.222083892941
1560,-4219.222083892941
1570,-4219.222083892941
1580,-4219.222083892941
1590,-4219.222083892941
1600,-4219.222083892941
1610,-4219.222083892941
1620,-4219.222083892941
1630,-4219.222083892941
1640,-4219.222083892941
1650,-4219.222083892941
1660,-4219.222083892941
1670,-4219.222083892941
1680,-4219.222083892941
1690,-4219.222083892941
1700,-4219.222083892941
1710,-4219.222083892941
1720,-4219.222083892941
1730,-4219.222083892941
1740,-4218.774866453958
1750,-4218.774866453958
1760,-4218.774866453958
1770,-4218.774866453958
1780,-4218.774866453958
1790,-4218.774866453958
1800,-4218.774866453958
1810,-4218.774866453958
1820,-4218.774866453958
1830,-4218.774866453958
1840,-4218.774866453958
1850,-4218.774866453958
1860,-4218.774866453958
1870,-4218.774866453958
1880,-4218.774866453958
1890,-4218.774866453958
1900,-4218.774866453958
1910,-4218.774866453958
1920,-4218.774866453958
1930,-4218.774866453958
1940,-4218.774866453958
1950,-4218.774866453958
1960,-4218.774866453958
1970,-4218.774866453958
1980,-4218.774866453958
1990,-4218.774866453958
2000,-4218.774866453958
2010,-4218.774866453958
2020,-4218.774866453958
2030,-4218.774866453958
2040,-4218.774866453958
2050,-4218.774866453958
2060,-4218.774866453958
2070,-4218.774866453958
2080,-4218.774866453958
2090,-4218.774866453958
2100,-4218.774866453958
2110,-4218.774866453958
2120,-4218.774866453958
2130,-4218.774866453958
2140,-4218.774866453958
2150,-4218.774866453958
2160,-4218.774866453958
2170,-4218.774866453958
2180,-4218.774866453958
2190,-4218.774866453958
2200,-4218.774866453958
2210,-4218.774866453958
2220,-4218.774866453958
2230,-4218.361183674951
2240,-4214.781283488491
2250,-4214.781283488491
2260,-4214.781283488491
2270,-4214.781283488491
2280,-4214.781283488491
2290,-4214.781283488491
2300,-4214.781283488491
2310,-4214.781283488491
2320,-4214.781283488491
2330,-4214.781283488491
2340,-4214.781283488491
2350,-4214.781283488491
2360,-4214.781283488491
2370,-4214.781283488491
2380,-4214.781283488491
2390,-4214.781283488491
2400,-4214.781283488491
2410,-4214.781283488491
2420,-4214.637005117203
2430,-4214.637005117203
2440,-4214.637005117203
2450,-4214.637005117203
2460,-4214.637005117203
2470,-4214.637005117203
2480,-4214.637005117203
2490,-4214.637005117203
2500,-4214.637005117203
2510,-4214.637005117203
2520,-4214.637005117203
2530,-4214.637005117203
2540,-4214.637005117203
2550,-4214.637005117203
2560,-4214.637005117203
2570,-4214.637005117203
2580,-4214.637005117203
2590,-4214.637005117203
2600,-4214.637005117203
2610,-4214.637005117203
2620,-4214.637005117203
2630,-4214.637005117203
2640,-4214.637005117203
2650,-4214.637005117203
2660,-4214.637005117203
2670,-4214.637005117203
2680,-4214.637005117203
2690,-4214.637005117203
2700,-4214.637005117203
2710,-4214.637005117203
2720,-4214.637005117203
2730,-4214.637005117203
2740,-4214.637005117203
2750,-4214.637005117203
2760,-4214.637005117203
2770,-4214.637005117203
2780,-4214.637005117203
2790,-4214.637005117203
2800,-4214.637005117203
2810,-4214.637005117203
2820,-4214.637005117203
2830,-4214.637005117203
2840,-4214.637005117203
2850,-4214.637005117203
2860,-4214.637005117203
2870,-4214.637005117203
2880,-4214.637005117203
2890,-4214.637005117203
2900,-4214.637005117203
2910,-4214.637005117203
2920,-4214.637005117203
2930,-4214.637005117203
2940,-4214.637005117203
2950,-4214.637005117203
2960,-4214.637005117203
2970,-4214.637005117203
2980,-4214.637005117203
2990,-4214.637005117203
3000,-4214.637005117203
3010,-4214.637005117203
3020,-4214.637005117203
3030,-4214.637005117203
3040,-4214.637005117203
3050,-4214.637005117203
3060,-4214.637005117203
3070,-4214.637005117203
3080,-4214.637005117203
3090,-4214.637005117203
3100,-4214.637005117203
3110,-4214.637005117203
3120,-4214.637005117203
3130,-4214.637005117203
3140,-4214.637005117203
3150,-4214.637005117203
3160,-4214.637005117203
3170,-4214.637005117203
3180,-4214.637005117203
3190,-4214.637005117203
3200,-4214.637005117203
3210,-4214.637005117203
3220,-4214.637005117203
3230,-4214.637005117203
3240,-4214.637005117203
3250,-4214.637005117203
3260,-4214.637005117203
3270,-4214.637005117203
3280,-4214.637005117203
3290,-4214.637005117203
3300,-4214.637005117203
3310,-4214.637005117203
3320,-4214.637005117203
3330,-4214.637005117203
3340,-4214.637005117203
3350,-4214.637005117203
3360,-4214.637005117203
3370,-4214.637005117203
3380,-4214.637005117203
3390,-4214.637005117203
3400,-4214.637005117203
3410,-4214.637005117203
3420,-4214.637005117203
3430,-4214.637005117203
3440,-4214.637005117203
3450,-4214.637005117203
3460,-4214.637005117203
3470,-4214.637005117203
3480,-4214.637005117203
3490,-4214.637005117203
3500,-4214.637005117203
3510,-4214.637005117203
3520,-4214.637005117203
3530,-4214.637005117203
3540,-4214.637005117203
3550,-4214.637005117203
3560,-4214.637005117203
3570,-4214.637005117203
3580,-4214.637005117203
3590,-4214.637005117203
3600,-4214.637005117203
3610,-4214.637005117203
3620,-4214.637005117203
3630,-4214.637005117203
3640,-4214.637005117203
3650,-4214.637005117203
3660,-4214.637005117203
3670,-4214.637005117203
3680,-4214.637005117203
3690,-4214.637005117203
3700,-4214.637005117203
3710,-4214.637005117203
3720,-4214.637005117203
3730,-4214.637005117203
3740,-4214.637005117203
3750,-4214.637005117203
3760,-4214.637005117203
3770,-4214.637005117203
3780,-4214.637005117203
3790,-4214.637005117203
3800,-4214.637005117203
3810,-4214.637005117203
3820,-4214.637005117203
3830,-4214.637005117203
3840,-4214.637005117203
3850,-4214.637005117203
3860,-4214.637005117203
3870,-4214.637005117203
3880,-4214.637005117203
3890,-4214.637005117203
3900,-4214.637005117203
3910,-4214.637005117203
3920,-4214.637005117203
3930,-4214.637005117203
3940,-4214.637005117203
3950,-4214.637005117203
3960,-4214.637005117203
3970,-4214.637005117203
3980,-4214.637005117203
3990,-4214.637005117203
4000,-4214.637005117203
4010,-4214.637005117203
4020,-4214.637005117203
4030,-4214.637005117203
4040,-4214.637005117203
4050,-4214.637005117203
4060,-4214.637005117203
4070,-4214.637005117203
4080,-4214.637005117203
4090,-4214.637005117203
4100,-4214.637005117203
4110,-4214.637005117203
4120,-4214.637005117203
4130,-4214.637005117203
4140,-4214.637005117203
4150,-4214.637005117203
4160,-4214.637005117203
4170,-4214.637005117203
4180,-4214.637005117203
4190,-4214.637005117203
4200,-4214.637005117203
4210,-4214.637005117203
4220,-4214.637005117203
4230,-4214.637005117203
4240,-4214.637005117203
4250,-4214.637005117203
4260,-4214.637005117203
4270,-4214.637005117203
4280,-4214.637005117203
4290,-4214.637005117203
4300,-4214.637005117203
4310,-4214.637005117203
4320,-4214.637005117203
4330,-4214.637005117203
4340,-4214.637005117203
4350,-4214.637005117203
4360,-4214.637005117203
4370,-4214.637005117203
4380,-4214.637005117203
4390,-4214.637005117203
4400,-4214.637005117203
4410,-4214.637005117203
4420,-4214.637005117203
4430,-4214.637005117203
4440,-4214.637005117203
4450,-4214.637005117203
4460,-4214.637005117203
4470,-4214.637005117203
4480,-4214.637005117203
4490,-4214.637005117203
4500,-4214.637005117203
4510,-4214.637005117203
4520,-4214.637005117203
4530,-4214.637005117203
4540,-4214.637005117203
4550,-4214.637005117203
4560,-4214.637005117203
4570,-4214.637005117203
4580,-4214.637005117203
4590,-4214.637005117203
4600,-4214.637005117203
4610,-4214.637005117203
4620,-4214.637005117203
4630,-4214.637005117203
4640,-4214.637005117203
4650,-4214.637005117203
4660,-4214.637005117203
4670,-4214.637005117203
4680,-4214.637005117203
4690,-4214.637005117203
4700,-4214.637005117203
4710,-4214.637005117203
4720,-4214.637005117203
4730,-4214.637005117203
4740,-4214.637005117203
4750,-4214.637005117203
4760,-4214.637005117203
4770,-4214.637005117203
4780,-4214.637005117203
4790,-4214.637005117203
4800,-4214.637005117203
4810,-4214.637005117203
4820,-4214.637005117203
4830,-4214.637005117203
4840,-4214.637005117203
4850,-4214.637005117203
4860,-4214.637005117203
4870,-4214.637005117203
4880,-4214.637005117203
4890,-4214.637005117203
4900,-4214.637005117203
4910,-4214.637005117203
4920,-4214.637005117203
4930,-4214.637005117203
4940,-4214.637005117203
4950,-4214.637005117203
4960,-4214.637005117203
4970,-4214.637005117203
4980,-4214.637005117203
4990,-4214.637005117203
5000,-4214.637005117203
5010,-4214.637005117203
5020,-4214.637005117203
5030,-4214.637005117203
5040,-4214.637005117203
5050,-4214.637005117203
5060,-4214.637005117203
5070,-4214.637005117203
5080,-4214.637005117203
5090,-4214.637005117203
5100,-4214.637005117203
5110,-4214.637005117203
5120,-4214.637005117203
5130,-4214.637005117203
5140,-4214.637005117203
5150,-4214.637005117203
5160,-4214.637005117203
5170,-4214.637005117203
5180,-4214.637005117203
5190,-4214.637005117203
5200,-4214.637005117203
5210,-4214.637005117203
5220,-4214.637005117203
5230,-4214.637005117203
5240,-4214.637005117203
5250,-4214.637005117203
5260,-4214.637005117203
5270,-4214.637005117203
5280,-4214.637005117203
5290,-4214.637005117203
5300,-4214.637005117203
5310,-4214.637005117203
5320,-4214.637005117203
5330,-4214.637005117203
5340,-4214.637005117203
5350,-4214.637005117203
5360,-4214.637005117203
5370,-4214.637005117203
5380,-4214.637005117203
5390,-4214.637005117203
5400,-4214.637005117203
5410,-4214.637005117203
5420,-4214.637005117203
5430,-4214.637005117203
5440,-4214.637005117203
5450,-4214.637005117203
5460,-4214.637005117203
5470,-4214.637005117203
5480,-4214.637005117203
5490,-4214.637005117203
5500,-4214.637005117203
5510,-4214.637005117203
5520,-4214.637005117203
5530,-4214.637005117203
5540,-4214.637005117203
5550,-4214.637005117203
5560,-4214.637005117203
5570,-4214.637005117203
5580,-4214.637005117203
5590,-4214.637005117203
5600,-4214.637005117203
5610,-4214.637005117203
5620,-4214.637005117203
5630,-4214.637005117203
5640,-4214.637005117203
5650,-4214.637005117203
5660,-4214.637005117203
5670,-4214.637005117203
5680,-4214.637005117203
5690,-4214.637005117203
5700,-4214.637005117203
5710,-4214.637005117203
5720,-4214.637005117203
5730,-4214.637005117203
5740,-4214.637005117203
5750,-4214.637005117203
5760,-4214.637005117203
5770,-4214.637005117203
5780,-4214.637005117203
5790,-4214.637005117203
5800,-4214.637005117203
5810,-4214.637005117203
5820,-4214.637005117203
5830,-4214.637005117203
5840,-4214.637005117203
5850,-4214.637005117203
5860,-4214.637005117203
5870,-4214.637005117203
5880,-4214.637005117203
5890,-4214.637005117203
5900,-4214.637005117203
5910,-4214.637005117203
5920,-4214.637005117203
5930,-4214.637005117203
5940,-4214.637005117203
5950,-4214.637005117203
5960,-4214.637005117203
5970,-4214.637005117203
5980,-4214.637005117203
5990,-4214.637005117203
6000,-4214.637005117203
6010,-4214.637005117203
6020,-4214.637005117203
6030,-4214.637005117203
6040,-4214.637005117203
6050,-4214.637005117203
6060,-4214.637005117203
6070,-4214.637005117203
6080,-4214.637005117203
6090,-4214.637005117203
6100,-4214.637005117203
6110,-4214.637005117203
6120,-4214.637005117203
6130,-4214.637005117203
6140,-4214.637005117203
6150,-4214.637005117203
6160,-4214.637005117203
6170,-4214.637005117203
6180,-4214.637005117203
6190,-4214.637005117203
6200,-4214.637005117203
6210,-4214.637005117203
6220,-4214.637005117203
6230,-4214.637005117203
6240,-4214.637005117203
6250,-4214.637005117203
6260,-4214.637005117203
6270,-4214.637005117203
6280,-4214.637005117203
6290,-4214.637005117203
6300,-4214.637005117203
6310,-4214.637005117203
6320,-4214.637005117203
6330,-4214.637005117203
6340,-4214.637005117203
6350,-4214.637005117203
6360,-4214.637005117203
6370,-4214.637005117203
6380,-4214.637005117203
6390,-4214.637005117203
6400,-4214.637005117203
6410,-4214.637005117203
6420,-4214.637005117203
6430,-4214.637005117203
6440,-4214.637005117203
6450,-4214.637005117203
6460,-4214.637005117203
6470,-4214.637005117203
6480,-4214.637005117203
6490,-4214.637005117203
6500,-4214.637005117203
6510,-4214.637005117203
6520,-4214.637005117203
6530,-4214.637005117203
6540,-4214.637005117203
6550,-4214.637005117203
6560,-4214.637005117203
6570,-4214.637005117203
6580,-4214.637005117203
6590,-4214.637005117203
6600,-4214.637005117203
6610,-4214.637005117203
6620,-4214.637005117203
6630,-4214.637005117203
6640,-4214.637005117203
6650,-4214.637005117203
6660,-4214.637005117203
6670,-4214.637005117203
6680,-4214.637005117203
6690,-4214.637005117203
6700,-4214.637005117203
6710,-4214.637005117203
6720,-4214.637005117203
6730,-4214.637005117203
6740,-4214.637005117203
6750,-4214.637005117203
6760,-4214.637005117203
6770,-4214.637005117203
6780,-4214.637005117203
6790,-4214.637005117203
6800,-4214.637005117203
6810,-4214.637005117203
6820,-4214.637005117203
6830,-4214.637005117203
6840,-4214.637005117203
6850,-4214.637005117203
6860,-4214.637005117203
6870,-4214.637005117203
6880,-4214.637005117203
6890,-4214.637005117203
6900,-4214.637005117203
6910,-4214.637005117203
6920,-4214.637005117203
6930,-4214.637005117203
6940,-4214.637005117203
6950,-4214.637005117203
6960,-4214.637005117203
6970,-4214.637005117203
6980,-4214.637005117203
6990,-4214.637005117203
7000,-4214.637005117203
7010,-4214.637005117203
7020,-4214.637005117203
7030,-4214.637005117203
7040,-4214.637005117203
7050,-4214.637005117203
7060,-4214.637005117203
7070,-4214.637005117203
7080,-4214.637005117203
7090,-4214.637005117203
7100,-4214.637005117203
7110,-4214.637005117203
7120,-4214.637005117203
7130,-4214.637005117203
7140,-4214.637005117203
7150,-4214.637005117203
7160,-4214.637005117203
7170,-4214.637005117203
7180,-4214.637005117203
7190,-4214.637005117203
7200,-4214.637005117203
7210,-4214.637005117203
7220,-4214.637005117203
7230,-4214.637005117203
7240,-4214.637005117203
7250,-4214.637005117203
7260,-4214.637005117203
7270,-4214.637005117203
7280,-4214.637005117203
7290,-4214.637005117203
7300,-4214.637005117203
7310,-4214.637005117203
7320,-4214.637005117203
7330,-4214.637005117203
7340,-4214.637005117203
7350,-4214.637005117203
7360,-4214.637005117203
7370,-4214.637005117203
7380,-4214.637005117203
7390,-4214.637005117203
7400,-4214.637005117203
7410,-4214.637005117203
7420,-4214.637005117203
7430,-4214.637005117203
7440,-4214.637005117203
7450,-4214.637005117203
7460,-4214.637005117203
7470,-4214.637005117203
7480,-4214.637005117203
7490,-4214.637005117203
7500,-4214.637005117203
7510,-4214.637005117203
7520,-4214.637005117203
7530,-4214.637005117203
7540,-4214.637005117203
7550,-4214.637005117203
7560,-4214.637005117203
7570,-4214.637005117203
7580,-4214.637005117203
7590,-4214.637005117203
7600,-4214.637005117203
7610,-4214.637005117203
7620,-4214.637005117203
7630,-4214.637005117203
7640,-4214.637005117203
7650,-4214.637005117203
7660,-4214.637005117203
7670,-4214.637005117203
7680,-4214.637005117203
7690,-4214.637005117203
7700,-4214.637005117203
7710,-4214.637005117203
7720,-4214.637005117203
7730,-4214.637005117203
7740,-4214.637005117203
7750,-4214.637005117203
7760,-4214.637005117203
7770,-4214.637005117203
7780,-4214.637005117203
7790,-4214.637005117203
7800,-4214.637005117203
7810,-4214.637005117203
7820,-4214.637005117203
7830,-4214.637005117203
7840,-4214.637005117203
7850,-4214.637005117203
7860,-4214.637005117203
7870,-4214.637005117203
7880,-4214.637005117203
7890,-4214.637005117203
7900,-4214.637005117203
7910,-4214.637005117203
7920,-4214.637005117203
7930,-4214.637005117203
7940,-4214.637005117203
7950,-4214.637005117203
7960,-4214.637005117203
7970,-4214.637005117203
7980,-4214.637005117203
7990,-4214.637005117203
8000,-4214.637005117203
8010,-4214.637005117203
8020,-4214.637005117203
8030,-4214.637005117203
8040,-4214.637005117203
8050,-4214.637005117203
8060,-4214.637005117203
8070,-4214.637005117203
8080,-4214.637005117203
8090,-4214.637005117203
8100,-4214.637005117203
8110,-4214.637005117203
8120,-4214.637005117203
8130,-4214.637005117203
8140,-4214.637005117203
8150,-4214.637005117203
8160,-4214.637005117203
8170,-4214.637005117203
8180,-4214.637005117203
8190,-4214.637005117203
8200,-4214.637005117203
8210,-4214.637005117203
8220,-4214.637005117203
8230,-4214.637005117203
8240,-4214.637005117203
8250,-4214.637005117203
8260,-4214.637005117203
8270,-4214.637005117203
8280,-4214.637005117203
8290,-4214.637005117203
8300,-4214.637005117203
8310,-4214.637005117203
8320,-4214.637005117203
8330,-4214.637005117203
8340,-4214.637005117203
8350,-4214.637005117203
8360,-4214.637005117203
8370,-4214.637005117203
8380,-4214.637005117203
8390,-4214.637005117203
8400,-4214.637005117203
8410,-4214.637005117203
8420,-4214.637005117203
8430,-4214.637005117203
8440,-4214.637005117203
8450,-4214.637005117203
8460,-4214.637005117203
8470,-4214.637005117203
8480,-4214.637005117203
8490,-4214.637005117203
8500,-4214.637005117203
8510,-4214.637005117203
8520,-4214.637005117203
8530,-4214.637005117203
8540,-4214.637005117203
8550,-4214.637005117203
8560,-4214.637005117203
8570,-4214.637005117203
8580,-4214.637005117203
8590,-4214.637005117203
8600,-4214.637005117203
8610,-4214.637005117203
8620,-4214.637005117203
8630,-4214.637005117203
8640,-4214.637005117203
8650,-4214.637005117203
8660,-4214.637005117203
8670,-4214.637005117203
8680,-4214.637005117203
8690,-4214.637005117203
8700,-4214.637005117203
8710,-4214.637005117203
8720,-4214.637005117203
8730,-4214.637005117203
8740,-4214.637005117203
8750,-4214.637005117203
8760,-4214.637005117203
8770,-4214.637005117203
8780,-4214.637005117203
8790,-4214.637005117203
8800,-4214.637005117203
8810,-4214.637005117203
8820,-4214.637005117203
8830,-4214.637005117203
8840,-4214.637005117203
8850,-4214.637005117203
8860,-4214.637005117203
8870,-4214.637005117203
8880,-4214.637005117203
8890,-4214.637005117203
8900,-4214.637005117203
8910,-4214.637005117203
8920,-4214.637005117203
8930,-4214.637005117203
8940,-4214.637005117203
8950,-4214.637005117203
8960,-4214.637005117203
8970,-4214.637005117203
8980,-4214.637005117203
8990,-4214.637005117203
9000,-4214.637005117203
9010,-4214.637005117203
9020,-4214.637005117203
9030,-4214.637005117203
9040,-4214.637005117203
9050,-4214.637005117203
9060,-4214.637005117203
9070,-4214.637005117203
9080,-4214.637005117203
9090,-4214.637005117203
9100,-4214.637005117203
9110,-4214.637005117203
9120,-4214.637005117203
9130,-4214.637005117203
9140,-4214.637005117203
9150,-4214.637005117203
9160,-4214.637005117203
9170,-4214.637005117203
9180,-4214.637005117203
9190,-4214.637005117203
9200,-4214.637005117203
9210,-4214.637005117203
9220,-4214.637005117203
9230,-4214.637005117203
9240,-4214.637005117203
9250,-4214.637005117203
9260,-4214.637005117203
9270,-4214.637005117203
9280,-4214.637005117203
9290,-4214.637005117203
9300,-4214.637005117203
9310,-4214.637005117203
9320,-4214.637005117203
9330,-4214.637005117203
9340,-4214.637005117203
9350,-4214.637005117203
9360,-4214.637005117203
9370,-4214.637005117203
9380,-4214.637005117203
9390,-4214.637005117203
9400,-4214.637005117203
9410,-4214.637005117203
9420,-4214.637005117203
9430,-4214.637005117203
9440,-4214.637005117203
9450,-4214.637005117203
9460,-4214.637005117203
9470,-4214.637005117203
9480,-4214.637005117203
9490,-4214.637005117203
9500,-4214.637005117203
9510,-4214.637005117203
9520,-4214.637005117203
9530,-4214.637005117203
9540,-4214.637005117203
9550,-4214.637005117203
9560,-4214.637005117203
9570,-4214.637005117203
9580,-4214.637005117203
9590,-4214.637005117203
9600,-4214.637005117203
9610,-4214.637005117203
9620,-4214.637005117203
9630,-4214.637005117203
9640,-4214.637005117203
9650,-4214.637005117203
9660,-4214.637005117203
9670,-4214.637005117203
9680,-4214.637005117203
9690,-4214.637005117203
9700,-4214.637005117203
9710,-4214.637005117203
9720,-4214.637005117203
9730,-4214.637005117203
9740,-4214.637005117203
9750,-4214.637005117203
9760,-4214.637005117203
9770,-4214.637005117203
9780,-4214.637005117203
9790,-4214.637005117203
9800,-4214.637005117203
9810,-4214.637005117203
9820,-4214.637005117203
9830,-4214.637005117203
9840,-4214.637005117203
9850,-4214.637005117203
9860,-4214.637005117203
9870,-4214.637005117203
9880,-4214.637005117203
9890,-4214.637005117203
9900,-4214.637005117203
9910,-4214.637005117203
9920,-4214.637005117203
9930,-4214.637005117203
9940,-4214.637005117203
9950,-4214.637005117203
9960,-4214.637005117203
9970,-4214.637005117203
9980,-4214.637005117203
9990,-4214.637005117203
10000,-4214.637005117203
10010,-4214.637005117203
10020,-4214.637005117203
10030,-4214.637005117203
10040,-4214.637005117203
10050,-4214.637005117203
10060,-4214.637005117203
10070,-4214.637005117203
10080,-4214.637005117203
10090,-4214.637005117203
10100,-4214.637005117203
10110,-4214.637005117203
10120,-4214.637005117203
10130,-4214.637005117203
10140,-4214.637005117203
10150,-4214.637005117203
10160,-4214.637005117203
10170,-4214.637005117203
10180,-4214.637005117203
10190,-4214.637005117203
10200,-4214.637005117203
10210,-4214.637005117203
10220,-4214.637005117203
10230,-4214.637005117203
10240,-4214.637005117203
10250,-4214.637005117203
10260,-4214.637005117203
10270,-4214.637005117203
10280,-4214.637005117203
10290,-4214.637005117203
10300,-4214.637005117203
10310,-4214.637005117203
10320,-4214.637005117203
10330,-4214.637005117203
10340,-4214.637005117203
10350,-4214.637005117203
10360,-4214.637005117203
10370,-4214.637005117203
10380,-4214.637005117203
10390,-4214.637005117203
10400,-4214.637005117203
10410,-4214.637005117203
10420,-4214.637005117203
10430,-4214.637005117203
10440,-4214.637005117203
10450,-4214.637005117203
10460,-4214.637005117203
10470,-4214.637005117203
10480,-4214.637005117203
10490,-4214.637005117203
10500,-4214.637005117203
10510,-4214.637005117203
10520,-4214.637005117203
10530,-4214.637005117203
10540,-4214.637005117203
10550,-4214.637005117203
10560,-4214.637005117203
10570,-4214.637005117203
10580,-4214.637005117203
10590,-4214.637005117203
10600,-4214.637005117203
10610,-4214.637005117203
10620,-4214.637005117203
10630,-4214.637005117203
10640,-4214.637005117203
10650,-4214.637005117203
10660,-4214.637005117203
10670,-4214.637005117203
10680,-4214.637005117203
10690,-4214.637005117203
10700,-4214.637005117203
10710,-4214.637005117203
10720,-4214.637005117203
10730,-4214.637005117203
10740,-4214.637005117203
10750,-4214.637005117203
10760,-4214.637005117203
10770,-4214.637005117203
10780,-4214.637005117203
10790,-4214.637005117203
10800,-4214.637005117203
10810,-4214.637005117203
10820,-4214.637005117203
10830,-4214.637005117203
10840,-4214.637005117203
10850,-4214.637005117203
10860,-4214.637005117203
10870,-4214.637005117203
10880,-4214.637005117203
10890,-4214.637005117203
10900,-4214.637005117203
10910,-4214.637005117203
10920,-4214.637005117203
10930,-4214.637005117203
10940,-4214.637005117203
10950,-4214.637005117203
10960,-4214.637005117203
10970,-4214.637005117203
10980,-4214.637005117203
10990,-4214.637005117203
11000,-4214.637005117203
11010,-4214.637005117203
11020,-4214.637005117203
11030,-4214.637005117203
11040,-4214.637005117203
11050,-4214.637005117203
11060,-4214.637005117203
11070,-4214.637005117203
11080,-4214.637005117203
11090,-4214.637005117203
11100,-4214.637005117203
11110,-4214.637005117203
11120,-4214.637005117203
11130,-4214.637005117203
11140,-4214.637005117203
11150,-4214.637005117203
11160,-4214.637005117203
11170,-4214.637005117203
11180,-4214.637005117203
11190,-4214.637005117203
11200,-4214.637005117203
11210,-4214.637005117203
11220,-4214.637005117203
11230,-4214.637005117203
11240,-4214.637005117203
11250,-4214.637005117203
11260,-4214.637005117203
11270,-4214.637005117203
11280,-4214.637005117203
11290,-4214.637005117203
11300,-4214.637005117203
11310,-4214.637005117203
11320,-4214.637005117203
11330,-4214.637005117203
11340,-4214.637005117203
11350,-4214.637005117203
11360,-4214.637005117203
11370,-4214.637005117203
11380,-4214.637005117203
11390,-4214.637005117203
11400,-4214.637005117203
11410,-4214.637005117203
11420,-4214.637005117203
11430,-4214.637005117203
11440,-4214.637005117203
11450,-4214.637005117203
11460,-4214.637005117203
11470,-4214.637005117203
11480,-4214.637005117203
11490,-4214.637005117203
11500,-4214.637005117203
11510,-4214.637005117203
11520,-4214.637005117203
11530,-4214.637005117203
11540,-4214.637005117203
11550,-4214.637005117203
11560,-4214.637005117203
11570,-4214.637005117203
11580,-4214.637005117203
11590,-4214.637005117203
11600,-4214.637005117203
11610,-4214.637005117203
11620,-4214.637005117203
11630,-4214.637005117203
11640,-4214.637005117203
11650,-4214.637005117203
11660,-4214.637005117203
11670,-4214.637005117203
11680,-4214.637005117203
11690,-4214.637005117203
11700,-4214.637005117203
11710,-4214.637005117203
11720,-4214.637005117203
11730,-4214.637005117203
11740,-4214.637005117203
11750,-4214.637005117203
11760,-4214.637005117203
11770,-4214.637005117203
11780,-4214.637005117203
11790,-4214.637005117203
11800,-4214.637005117203
11810,-4214.637005117203
11820,-4214.637005117203
11830,-4214.637005117203
11840,-4214.637005117203
11850,-4214.637005117203
11860,-4214.637005117203
11870,-4214.637005117203
11880,-4214.637005117203
11890,-4214.637005117203
11900,-4214.637005117203
11910,-4214.637005117203
11920,-4214.637005117203
11930,-4214.637005117203
11940,-4214.637005117203
11950,-4214.637005117203
11960,-4214.637005117203
11970,-4214.637005117203
11980,-4214.637005117203
11990,-4214.637005117203
12000,-4214.637005117203
12010,-4214.637005117203
12020,-4214.637005117203
12030,-4214.637005117203
12040,-4214.637005117203
12050,-4214.637005117203
12060,-4214.637005117203
12070,-4214.637005117203
12080,-4214.637005117203
12090,-4214.637005117203
12100,-4214.637005117203
12110,-4214.637005117203
12120,-4214.637005117203
12130,-4214.637005117203
12140,-4214.637005117203
12150,-4214.637005117203
12160,-4214.637005117203
12170,-4214.637005117203
12180,-4214.637005117203
12190,-4214.637005117203
12200,-4214.637005117203
12210,-4214.637005117203
12220,-4214.637005117203
12230,-4214.637005117203
12240,-4214.637005117203
12250,-4214.637005117203
12260,-4214.637005117203
12270,-4214.637005117203
12280,-4214.637005117203
12290,-4214.637005117203
12300,-4214.637005117203
12310,-4214.637005117203
12320,-4214.637005117203
12330,-4214.637005117203
12340,-4214.637005117203
12350,-4214.637005117203
12360,-4214.637005117203
12370,-4214.637005117203
12380,-4214.637005117203
12390,-4214.637005117203
12400,-4214.637005117203
12410,-4214.637005117203
12420,-4214.637005117203
12430,-4214.637005117203
12440,-4214.637005117203
12450,-4214.637005117203
12460,-4214.637005117203
12470,-4214.637005117203
12480,-4214.637005117203
12490,-4214.637005117203
12500,-4214.637005117203
12510,-4214.637005117203
12520,-4214.637005117203
12530,-4214.637005117203
12540,-4214.637005117203
12550,-4214.637005117203
12560,-4214.637005117203
12570,-4214.637005117203
12580,-4214.637005117203
12590,-4214.637005117203
12600,-4214.637005117203
12610,-4214.637005117203
12620,-4214.637005117203
12630,-4214.637005117203
12640,-4214.637005117203
12650,-4214.637005117203
12660,-4214.637005117203
12670,-4214.637005117203
12680,-4214.637005117203
12690,-4214.637005117203
12700,-4214.637005117203
12710,-4214.637005117203
12720,-4214.637005117203
12730,-4214.637005117203
12740,-4214.637005117203
12750,-4214.637005117203
12760,-4214.637005117203
12770,-4214.637005117203
12780,-4214.637005117203
12790,-4214.637005117203
12800,-4214.637005117203
12810,-4214.637005117203
12820,-4214.637005117203
12830,-4214.637005117203
12840,-4214.637005117203
12850,-4214.637005117203
12860,-4214.637005117203
12870,-4214.637005117203
12880,-4214.637005117203
12890,-4214.637005117203
12900,-4214.637005117203
12910,-4214.637005117203
12920,-4214.637005117203
12930,-4214.637005117203
12940,-4214.637005117203
12950,-4214.637005117203
12960,-4214.637005117203
12970,-4214.637005117203
12980,-4214.637005117203
12990,-4214.637005117203
13000,-4214.637005117203
13010,-4214.637005117203
13020,-4214.637005117203
13030,-4214.637005117203
13040,-4214.637005117203
13050,-4214.637005117203
13060,-4214.637005117203
13070,-4214.637005117203
13080,-4214.637005117203
13090,-4214.637005117203
13100,-4214.637005117203
13110,-4214.637005117203
13120,-4214.637005117203
13130,-4214.637005117203
13140,-4214.637005117203
13150,-4214.637005117203
13160,-4214.637005117203
13170,-4214.637005117203
13180,-4214.637005117203
13190,-4214.637005117203
13200,-4214.637005117203
13210,-4214.637005117203
13220,-4214.637005117203
13230,-4214.637005117203
13240,-4214.637005117203
13250,-4214.637005117203
13260,-4214.637005117203
13270,-4214.637005117203
13280,-4214.637005117203
13290,-4214.637005117203
13300,-4214.637005117203
13310,-4214.637005117203
13320,-4214.637005117203
13330,-4214.637005117203
13340,-4214.637005117203
13350,-4214.637005117203
13360,-4214.637005117203
13370,-4214.637005117203
13380,-4214.637005117203
13390,-4214.637005117203
13400,-4214.637005117203
13410,-4214.637005117203
13420,-4214.637005117203
13430,-4214.637005117203
13440,-4214.637005117203
13450,-4214.637005117203
13460,-4214.637005117203
13470,-4214.637005117203
13480,-4214.637005117203
13490,-4214.637005117203
13500,-4214.637005117203
13510,-4214.637005117203
13520,-4214.637005117203
13530,-4214.637005117203
13540,-4214.637005117203
13550,-4214.637005117203
13560,-4214.637005117203
13570,-4214.637005117203
13580,-4214.637005117203
13590,-4214.637005117203
13600,-4214.637005117203
13610,-4214.637005117203
13620,-4214.637005117203
13630,-4214.637005117203
13640,-4214.637005117203
13650,-4214.637005117203
13660,-4214.637005117203
13670,-4214.637005117203
13680,-4214.637005117203
13690,-4214.637005117203
13700,-4214.637005117203
13710,-4214.637005117203
13720,-4214.637005117203
13730,-4214.637005117203
13740,-4214.637005117203
13750,-4214.637005117203
13760,-4214.637005117203
13770,-4214.637005117203
13780,-4214.637005117203
13790,-4214.637005117203
13800,-4214.637005117203
13810,-4214.637005117203
13820,-4214.637005117203
13830,-4214.637005117203
13840,-4214.637005117203
13850,-4214.637005117203
13860,-4214.637005117203
13870,-4214.637005117203
13880,-4214.637005117203
13890,-4214.637005117203
13900,-4214.637005117203
13910,-4214.637005117203
13920,-4214.637005117203
13930,-4214.637005117203
13940,-4214.637005117203
13950,-4214.637005117203
13960,-4214.637005117203
13970,-4214.637005117203
13980,-4214.637005117203
13990,-4214.637005117203
14000,-4214.637005117203
14010,-4214.637005117203
14020,-4214.637005117203
14030,-4214.637005117203
14040,-4214.637005117203
14050,-4214.637005117203
14060,-4214.637005117203
14070,-4214.637005117203
14080,-4214.637005117203
14090,-4214.637005117203
14100,-4214.637005117203
14110,-4214.637005117203
14120,-4214.637005117203
14130,-4214.637005117203
14140,-4214.637005117203
14150,-4214.637005117203
14160,-4214.637005117203
14170,-4214.637005117203
14180,-4214.637005117203
14190,-4214.637005117203
14200,-4214.637005117203
14210,-4214.637005117203
14220,-4214.637005117203
14230,-4214.637005117203
14240,-4214.637005117203
14250,-4214.637005117203
14260,-4214.637005117203
14270,-4214.637005117203
14280,-4214.637005117203
14290,-4214.637005117203
14300,-4214.637005117203
14310,-4214.637005117203
14320,-4214.637005117203
14330,-4214.637005117203
14340,-4214.637005117203
14350,-4214.637005117203
14360,-4214.637005117203
14370,-4214.637005117203
14380,-4214.637005117203
14390,-4214.637005117203
14400,-4214.637005117203
14410,-4214.637005117203
14420,-4214.637005117203
14430,-4214.637005117203
14440,-4214.637005117203
14450,-4214.637005117203
14460,-4214.637005117203
14470,-4214.637005117203
14480,-4214.637005117203
14490,-4214.637005117203
14500,-4214.637005117203
14510,-4214.637005117203
14520,-4214.637005117203
14530,-4214.637005117203
14540,-4214.637005117203
14550,-4214.637005117203
14560,-4214.637005117203
14570,-4214.637005117203
14580,-4214.637005117203
14590,-4214.637005117203
14600,-4214.637005117203
14610,-4214.637005117203
14620,-4214.637005117203
14630,-4214.637005117203
14640,-4214.637005117203
14650,-4214.637005117203
14660,-4214.637005117203
14670,-4214.637005117203
14680,-4214.637005117203
14690,-4214.637005117203
14700,-4214.637005117203
14710,-4214.637005117203
14720,-4214.637005117203
14730,-4214.637005117203
14740,-4214.637005117203
14750,-4214.637005117203
14760,-4214.637005117203
14770,-4214.637005117203
14780,-4214.637005117203
14790,-4214.637005117203
14800,-4214.637005117203
14810,-4214.637005117203
14820,-4214.637005117203
14830,-4214.637005117203
14840,-4214.637005117203
14850,-4214.637005117203
14860,-4214.637005117203
14870,-4214.637005117203
14880,-4214.637005117203
14890,-4214.637005117203
14900,-4214.637005117203
14910,-4214.637005117203
14920,-4214.637005117203
14930,-4214.637005117203
14940,-4214.637005117203
14950,-4214.637005117203
14960,-4214.637005117203
14970,-4214.637005117203
14980,-4214.637005117203
14990,-4214.637005117203
15000,-4214.637005117203
15010,-4214.637005117203
15020,-4214.637005117203
15030,-4214.637005117203
15040,-4214.637005117203
15050,-4214.637005117203
15060,-4214.637005117203
15070,-4214.637005117203
15080,-4214.637005117203
15090,-4214.637005117203
15100,-4214.637005117203
15110,-4214.637005117203
15120,-4214.637005117203
15130,-4214.637005117203
15140,-4214.637005117203
15150,-4214.637005117203
15160,-4214.637005117203
15170,-4214.637005117203
15180,-4214.637005117203
15190,-4214.637005117203
15200,-4214.637005117203
15210,-4214.637005117203
15220,-4214.637005117203
15230,-4214.637005117203
15240,-4214.637005117203
15250,-4214.637005117203
15260,-4214.637005117203
15270,-4214.637005117203
15280,-4214.637005117203
15290,-4214.637005117203
15300,-4214.637005117203
15310,-4214.637005117203
15320,-4214.637005117203
15330,-4214.637005117203
15340,-4214.637005117203
15350,-4214.637005117203
15360,-4214.637005117203
15370,-4214.637005117203
15380,-4214.637005117203
15390,-4214.637005117203
15400,-4214.637005117203
15410,-4214.637005117203
15420,-4214.637005117203
15430,-4214.637005117203
15440,-4214.637005117203
15450,-4214.637005117203
15460,-4214.637005117203
15470,-4214.637005117203
15480,-4214.637005117203
15490,-4214.637005117203
15500,-4214.637005117203
15510,-4214.637005117203
15520,-4214.637005117203
15530,-4214.637005117203
15540,-4214.637005117203
15550,-4214.637005117203
15560,-4214.637005117203
15570,-4214.637005117203
15580,-4214.637005117203
15590,-4214.637005117203
15600,-4214.637005117203
15610,-4214.637005117203
15620,-4214.637005117203
15630,-4214.637005117203
15640,-4214.637005117203
15650,-4214.637005117203
15660,-4214.637005117203
15670,-4214.637005117203
15680,-4214.637005117203
15690,-4214.637005117203
15700,-4214.637005117203
15710,-4214.637005117203
15720,-4214.637005117203
15730,-4214.637005117203
15740,-4214.637005117203
15750,-4214.637005117203
15760,-4214.637005117203
15770,-4214.637005117203
15780,-4214.637005117203
15790,-4214.637005117203
15800,-4214.637005117203
15810,-4214.637005117203
15820,-4214.637005117203
15830,-4214.637005117203
15840,-4214.637005117203
15850,-4214.637005117203
15860,-4214.637005117203
15870,-4214.637005117203
15880,-4214.637005117203
15890,-4214.637005117203
15900,-4214.637005117203
15910,-4214.637005117203
15920,-4214.637005117203
15930,-4214.637005117203
15940,-4214.637005117203
15950,-4214.637005117203
15960,-4214.637005117203
15970,-4214.637005117203
15980,-4214.637005117203
15990,-4214.637005117203
16000,-4214.637005117203
16010,-4214.637005117203
16020,-4214.637005117203
16030,-4214.637005117203
16040,-4214.637005117203
16050,-4214.637005117203
16060,-4214.637005117203
16070,-4214.637005117203
16080,-4214.637005117203
16090,-4214.637005117203
16100,-4214.637005117203
16110,-4214.637005117203
16120,-4214.637005117203
16130,-4214.637005117203
16140,-4214.637005117203
16150,-4214.637005117203
16160,-4214.637005117203
16170,-4214.637005117203
16180,-4214.637005117203
16190,-4214.637005117203
16200,-4214.637005117203
16210,-4214.637005117203
16220,-4214.637005117203
16230,-4214.637005117203
16240,-4214.637005117203
16250,-4214.637005117203
16260,-4214.637005117203
16270,-4214.637005117203
16280,-4214.637005117203
16290,-4214.637005117203
16300,-4214.637005117203
16310,-4214.637005117203
16320,-4214.637005117203
16330,-4214.637005117203
16340,-4214.637005117203
16350,-4214.637005117203
16360,-4214.637005117203
16370,-4214.637005117203
16380,-4214.637005117203
16390,-4214.637005117203
16400,-4214.637005117203
16410,-4214.637005117203
16420,-4214.637005117203
16430,-4214.637005117203
16440,-4214.637005117203
16450,-4214.637005117203
16460,-4214.637005117203
16470,-4214.637005117203
16480,-4214.637005117203
16490,-4214.637005117203
16500,-4214.637005117203
16510,-4214.637005117203
16520,-4214.637005117203
16530,-4214.637005117203
16540,-4214.637005117203
16550,-4214.637005117203
16560,-4214.637005117203
16570,-4214.637005117203
16580,-4214.637005117203
16590,-4214.637005117203
16600,-4214.637005117203
16610,-4214.637005117203
16620,-4214.637005117203
16630,-4214.637005117203
16640,-4214.637005117203
16650,-4214.637005117203
16660,-4214.637005117203
16670,-4214.637005117203
16680,-4214.637005117203
16690,-4214.637005117203
16700,-4214.637005117203
16710,-4214.637005117203
16720,-4214.637005117203
16730,-4214.637005117203
16740,-4214.637005117203
16750,-4214.637005117203
16760,-4214.637005117203
16770,-4214.637005117203
16780,-4214.637005117203
16790,-4214.637005117203
16800,-4214.637005117203
16810,-4214.637005117203
16820,-4214.637005117203
16830,-4214.637005117203
16840,-4214.637005117203
16850,-4214.637005117203
16860,-4214.637005117203
16870,-4214.637005117203
16880,-4214.637005117203
16890,-4214.637005117203
16900,-4214.637005117203
16910,-4214.637005117203
16920,-4214.637005117203
16930,-4214.637005117203
16940,-4214.637005117203
16950,-4214.637005117203
16960,-4214.637005117203
16970,-4214.637005117203
16980,-4214.637005117203
16990,-4214.637005117203
17000,-4214.637005117203
17010,-4214.637005117203
17020,-4214.637005117203
17030,-4214.637005117203
17040,-4214.637005117203
17050,-4214.637005117203
17060,-4214.637005117203
17070,-4214.637005117203
17080,-4214.637005117203
17090,-4214.637005117203
17100,-4214.637005117203
17110,-4214.637005117203
17120,-4214.637005117203
17130,-4214.637005117203
17140,-4214.637005117203
17150,-4214.637005117203
17160,-4214.637005117203
17170,-4214.637005117203
17180,-4214.637005117203
17190,-4214.637005117203
17200,-4214.637005117203
17210,-4214.637005117203
17220,-4214.637005117203
17230,-4214.637005117203
17240,-4214.637005117203
17250,-4214.637005117203
17260,-4214.637005117203
17270,-4214.637005117203
17280,-4214.637005117203
17290,-4214.637005117203
17300,-4214.637005117203
17310,-4214.637005117203
17320,-4214.637005117203
17330,-4214.637005117203
17340,-4214.637005117203
17350,-4214.637005117203
17360,-4214.637005117203
17370,-4214.637005117203
17380,-4214.637005117203
17390,-4214.637005117203
17400,-4214.637005117203
17410,-4214.637005117203
17420,-4214.637005117203
17430,-4214.637005117203
17440,-4214.637005117203
17450,-4214.637005117203
17460,-4214.637005117203
17470,-4214.637005117203
17480,-4214.637005117203
17490,-4214.637005117203
17500,-4214.637005117203
17510,-4214.637005117203
17520,-4214.637005117203
17530,-4214.637005117203
17540,-4214.637005117203
17550,-4214.637005117203
17560,-4214.637005117203
17570,-4214.637005117203
17580,-4214.637005117203
17590,-4214.637005117203
17600,-4214.637005117203
17610,-4214.637005117203
17620,-4214.637005117203
17630,-4214.637005117203
17640,-4214.637005117203
17650,-4214.637005117203
17660,-4214.637005117203
17670,-4214.637005117203
17680,-4214.637005117203
17690,-4214.637005117203
17700,-4214.637005117203
17710,-4214.637005117203
17720,-4214.637005117203
17730,-4214.637005117203
17740,-4214.637005117203
17750,-4214.637005117203
17760,-4214.637005117203
17770,-4214.637005117203
17780,-4214.637005117203
17790,-4214.637005117203
17800,-4214.637005117203
17810,-4214.637005117203
17820,-4214.637005117203
17830,-4214.637005117203
17840,-4214.637005117203
17850,-4214.637005117203
17860,-4214.637005117203
17870,-4214.637005117203
17880,-4214.637005117203
17890,-4214.637005117203
17900,-4214.637005117203
17910,-4214.637005117203
17920,-4214.637005117203
17930,-4214.637005117203
17940,-4214.637005117203
17950,-4214.637005117203
17960,-4214.637005117203
17970,-4214.637005117203
17980,-4214.637005117203
17990,-4214.637005117203
18000,-4214.637005117203
18010,-4214.637005117203
18020,-4214.637005117203
18030,-4214.637005117203
18040,-4214.637005117203
18050,-4214.637005117203
18060,-4214.637005117203
18070,-4214.637005117203
18080,-4214.637005117203
18090,-4214.637005117203
18100,-4214.637005117203
18110,-4214.637005117203
18120,-4214.637005117203
18130,-4214.637005117203
18140,-4214.637005117203
18150,-4214.637005117203
18160,-4214.637005117203
18170,-4214.637005117203
18180,-4214.637005117203
18190,-4214.637005117203
18200,-4214.637005117203
18210,-4214.637005117203
18220,-4214.637005117203
18230,-4214.637005117203
18240,-4214.637005117203
18250,-4214.637005117203
18260,-4214.637005117203
18270,-4214.637005117203
18280,-4214.637005117203
18290,-4214.637005117203
18300,-4214.637005117203
18310,-4214.637005117203
18320,-4214.637005117203
18330,-4214.637005117203
18340,-4214.637005117203
18350,-4214.637005117203
18360,-4214.637005117203
18370,-4214.637005117203
18380,-4214.637005117203
18390,-4214.637005117203
18400,-4214.637005117203
18410,-4214.637005117203
18420,-4214.637005117203
18430,-4214.637005117203
18440,-4214.637005117203
18450,-4214.637005117203
18460,-4214.637005117203
18470,-4214.637005117203
18480,-4214.637005117203
18490,-4214.637005117203
18500,-4214.637005117203
18510,-4214.637005117203
18520,-4214.637005117203
18530,-4214.637005117203
18540,-4214.637005117203
18550,-4214.637005117203
18560,-4214.637005117203
18570,-4214.637005117203
18580,-4214.637005117203
18590,-4214.637005117203
18600,-4214.637005117203
18610,-4214.637005117203
18620,-4214.637005117203
18630,-4214.637005117203
18640,-4214.637005117203
18650,-4214.637005117203
18660,-4214.637005117203
18670,-4214.637005117203
18680,-4214.637005117203
18690,-4214.637005117203
18700,-4214.637005117203
18710,-4214.637005117203
18720,-4214.637005117203
18730,-4214.637005117203
18740,-4214.637005117203
18750,-4214.637005117203
18760,-4214.637005117203
18770,-4214.637005117203
18780,-4214.637005117203
18790,-4214.637005117203
18800,-4214.637005117203
18810,-4214.637005117203
18820,-4214.637005117203
18830,-4214.637005117203
18840,-4214.637005117203
18850,-4214.637005117203
18860,-4214.637005117203
18870,-4214.637005117203
18880,-4214.637005117203
18890,-4214.637005117203
18900,-4214.637005117203
18910,-4214.637005117203
18920,-4214.637005117203
18930,-4214.637005117203
18940,-4214.637005117203
18950,-4214.637005117203
18960,-4214.637005117203
18970,-4214.637005117203
18980,-4214.637005117203
18990,-4214.637005117203
19000,-4214.637005117203
19010,-4214.637005117203
19020,-4214.637005117203
19030,-4214.637005117203
19040,-4214.637005117203
19050,-4214.637005117203
19060,-4214.637005117203
19070,-4214.637005117203
19080,-4214.637005117203
19090,-4214.637005117203
19100,-4214.637005117203
19110,-4214.637005117203
19120,-4214.637005117203
19130,-4214.637005117203
19140,-4214.637005117203
19150,-4214.637005117203
19160,-4214.637005117203
19170,-4214.637005117203
19180,-4214.637005117203
19190,-4214.637005117203
19200,-4214.637005117203
19210,-4214.637005117203
19220,-4214.637005117203
19230,-4214.637005117203
19240,-4214.637005117203
19250,-4214.637005117203
19260,-4214.637005117203
19270,-4214.637005117203
19280,-4214.637005117203
19290,-4214.637005117203
19300,-4214.637005117203
19310,-4214.637005117203
19320,-4214.637005117203
19330,-4214.637005117203
19340,-4214.637005117203
19350,-4214.637005117203
19360,-4214.637005117203
19370,-4214.637005117203
19380,-4214.637005117203
19390,-4214.637005117203
19400,-4214.637005117203
19410,-4214.637005117203
19420,-4214.637005117203
19430,-4214.637005117203
19440,-4214.637005117203
19450,-4214.637005117203
19460,-4214.637005117203
19470,-4214.637005117203
19480,-4214.637005117203
19490,-4214.637005117203
19500,-4214.637005117203
19510,-4214.637005117203
19520,-4214.637005117203
19530,-4214.637005117203
19540,-4214.637005117203
19550,-4214.637005117203
19560,-4214.637005117203
19570,-4214.637005117203
19580,-4214.637005117203
19590,-4214.637005117203
19600,-4214.637005117203
19610,-4214.637005117203
19620,-4214.637005117203
19630,-4214.637005117203
19640,-4214.637005117203
19650,-4214.637005117203
19660,-4214.637005117203
19670,-4214.637005117203
19680,-4214.637005117203
19690,-4214.637005117203
19700,-4214.637005117203
19710,-4214.637005117203
19720,-4214.637005117203
19730,-4214.637005117203
19740,-4214.637005117203
19750,-4214.637005117203
19760,-4214.637005117203
19770,-4214.637005117203
19780,-4214.637005117203
19790,-4214.637005117203
19800,-4214.637005117203
19810,-4214.637005117203
19820,-4214.637005117203
19830,-4214.637005117203
19840,-4214.637005117203
19850,-4214.637005117203
19860,-4214.637005117203
19870,-4214.637005117203
19880,-4214.637005117203
19890,-4214.637005117203
19900,-4214.637005117203
19910,-4214.637005117203
19920,-4214.637005117203
19930,-4214.637005117203
19940,-4214.637005117203
19950,-4214.637005117203
19960,-4214.637005117203
19970,-4214.637005117203
19980,-4214.637005117203
19990,-4214.637005117203
20000,-4214.637005117203
20010,-4214.637005117203
20020,-4214.637005117203
20030,-4214.637005117203
20040,-4214.637005117203
20050,-4214.637005117203
20060,-4214.637005117203
20070,-4214.637005117203
20080,-4214.637005117203
20090,-4214.637005117203
20100,-4214.637005117203
20110,-4214.637005117203
20120,-4214.637005117203
20130,-4214.637005117203
20140,-4214.637005117203
20150,-4214.637005117203
20160,-4214.637005117203
20170,-4214.637005117203
20180,-4214.637005117203
20190,-4214.637005117203
20200,-4214.637005117203
20210,-4214.637005117203
20220,-4214.637005117203
20230,-4214.637005117203
20240,-4214.637005117203
20250,-4214.637005117203
20260,-4214.637005117203
20270,-4214.637005117203
20280,-4214.637005117203
20290,-4214.637005117203
20300,-4214.637005117203
20310,-4214.637005117203
20320,-4214.637005117203
20330,-4214.637005117203
20340,-4214.637005117203
20350,-4214.637005117203
20360,-4214.637005117203
20370,-4214.637005117203
20380,-4214.637005117203
20390,-4214.637005117203
20400,-4214.637005117203
20410,-4214.637005117203
20420,-4214.637005117203
20430,-4214.637005117203
20440,-4214.637005117203
20450,-4214.637005117203
20460,-4214.637005117203
20470,-4214.637005117203
20480,-4214.637005117203
20490,-4214.637005117203
20500,-4214.637005117203
20510,-4214.637005117203
20520,-4214.637005117203
20530,-4214.637005117203
20540,-4214.637005117203
20550,-4214.637005117203
20560,-4214.637005117203
20570,-4214.637005117203
20580,-4214.637005117203
20590,-4214.637005117203
20600,-4214.637005117203
20610,-4214.637005117203
20620,-4214.637005117203
20630,-4214.637005117203
20640,-4214.637005117203
20650,-4214.637005117203
20660,-4214.637005117203
20670,-4214.637005117203
20680,-4214.637005117203
20690,-4214.637005117203
20700,-4214.637005117203
20710,-4214.637005117203
20720,-4214.637005117203
20730,-4214.637005117203
20740,-4214.637005117203
20750,-4214.637005117203
20760,-4214.637005117203
20770,-4214.637005117203
20780,-4214.637005117203
20790,-4214.637005117203
20800,-4214.637005117203
20810,-4214.637005117203
20820,-4214.637005117203
20830,-4214.637005117203
20840,-4214.637005117203
20850,-4214.637005117203
20860,-4214.637005117203
20870,-4214.637005117203
20880,-4214.637005117203
20890,-4214.637005117203
20900,-4214.637005117203
20910,-4214.637005117203
20920,-4214.637005117203
20930,-4214.637005117203
20940,-4214.637005117203
20950,-4214.637005117203
20960,-4214.637005117203
20970,-4214.637005117203
20980,-4214.637005117203
20990,-4214.637005117203
21000,-4214.637005117203
21010,-4214.637005117203
21020,-4214.637005117203
21030,-4214.637005117203
21040,-4214.637005117203
21050,-4214.637005117203
21060,-4214.637005117203
21070,-4214.637005117203
21080,-4214.637005117203
21090,-4214.637005117203
21100,-4214.637005117203
21110,-4214.637005117203
21120,-4214.637005117203
21130,-4214.637005117203
21140,-4214.637005117203
21150,-4214.637005117203
21160,-4214.637005117203
21170,-4214.637005117203
21180,-4214.637005117203
21190,-4214.637005117203
21200,-4214.637005117203
21210,-4214.637005117203
21220,-4214.637005117203
21230,-4214.637005117203
21240,-4214.637005117203
21250,-4214.637005117203
21260,-4214.637005117203
21270,-4214.637005117203
21280,-4214.637005117203
21290,-4214.637005117203
21300,-4214.637005117203
21310,-4214.637005117203
21320,-4214.637005117203
21330,-4214.637005117203
21340,-4214.637005117203
21350,-4214.637005117203
21360,-4214.637005117203
21370,-4214.637005117203
21380,-4214.637005117203
21390,-4214.637005117203
21400,-4214.637005117203
21410,-4214.637005117203
21420,-4214.637005117203
21430,-4214.637005117203
21440,-4214.637005117203
21450,-4214.637005117203
21460,-4214.637005117203
21470,-4214.637005117203
21480,-4214.637005117203
21490,-4214.637005117203
21500,-4214.637005117203
21510,-4214.637005117203
21520,-4214.637005117203
21530,-4214.637005117203
21540,-4214.637005117203
21550,-4214.637005117203
21560,-4214.637005117203
21570,-4214.637005117203
21580,-4214.637005117203
21590,-4214.637005117203
21600,-4214.637005117203
21610,-4214.637005117203
21620,-4214.637005117203
21630,-4214.637005117203
21640,-4214.637005117203
21650,-4214.637005117203
21660,-4214.637005117203
21670,-4214.637005117203
21680,-4214.637005117203
21690,-4214.637005117203
21700,-4214.637005117203
21710,-4214.637005117203
21720,-4214.637005117203
21730,-4214.637005117203
21740,-4214.637005117203
21750,-4214.637005117203
21760,-4214.637005117203
21770,-4214.637005117203
21780,-4214.637005117203
21790,-4214.637005117203
21800,-4214.637005117203
21810,-4214.637005117203
21820,-4214.637005117203
21830,-4214.637005117203
21840,-4214.637005117203
21850,-4214.637005117203
21860,-4214.637005117203
21870,-4214.637005117203
21880,-4214.637005117203
21890,-4214.637005117203
21900,-4214.637005117203
21910,-4214.637005117203
21920,-4214.637005117203
21930,-4214.637005117203
21940,-4214.637005117203
21950,-4214.637005117203
21960,-4214.637005117203
21970,-4214.637005117203
21980,-4214.637005117203
21990,-4214.637005117203
22000,-4214.637005117203
22010,-4214.637005117203
22020,-4214.637005117203
22030,-4214.637005117203
22040,-4214.637005117203
22050,-4214.637005117203
22060,-4214.637005117203
22070,-4214.637005117203
22080,-4214.637005117203
22090,-4214.637005117203
22100,-4214.637005117203
22110,-4214.637005117203
22120,-4214.637005117203
22130,-4214.637005117203
22140,-4214.637005117203
22150,-4214.637005117203
22160,-4214.637005117203
22170,-4214.637005117203
22180,-4214.637005117203
22190,-4214.637005117203
22200,-4214.637005117203
22210,-4214.637005117203
22220,-4214.637005117203
22230,-4214.637005117203
22240,-4214.637005117203
22250,-4214.637005117203
22260,-4214.637005117203
22270,-4214.637005117203
22280,-4214.637005117203
22290,-4214.637005117203
22300,-4214.637005117203
22310,-4214.637005117203
22320,-4214.637005117203
22330,-4214.637005117203
22340,-4214.637005117203
22350,-4214.637005117203
22360,-4214.637005117203
22370,-4214.637005117203
22380,-4214.637005117203
22390,-4214.637005117203
22400,-4214.637005117203
22410,-4214.637005117203
